ID,Form_ID,Form,Cognateset_ID,Doubt,Cognate_Detection_Method,Source,Alignment,Alignment_Method,Alignment_Source
tashatujia-42_i-1-1,tashatujia-42_i-1,ŋ.a.²⁴,59,false,expert,Starostin2013,,,
duogutujia-42_i-1-1,duogutujia-42_i-1,ŋ.a.²⁴,59,false,expert,Starostin2013,,,
dianfangtujia-42_i-1-1,dianfangtujia-42_i-1,ŋ.a.³⁵,59,false,expert,Starostin2013,,,
boluotujia-42_i-1-1,boluotujia-42_i-1,ŋ.o.³³,59,false,expert,Starostin2013,,,
tanxitujia-42_i-1-1,tanxitujia-42_i-1,ŋ.o.³³,59,false,expert,Starostin2013,,,
tashatujia-1_all-1-1,tashatujia-1_all-1,x.u.²⁴.n.i.⁵⁵,1,false,expert,Starostin2013,,,
duogutujia-1_all-1-1,duogutujia-1_all-1,x.u.²⁴.n.i.⁴⁴,1,false,expert,Starostin2013,,,
dianfangtujia-1_all-1-1,dianfangtujia-1_all-1,x.u.³⁵.n.i.⁵⁵,1,false,expert,Starostin2013,,,
boluotujia-1_all-1-1,boluotujia-1_all-1,b.u.¹³.l.i.⁵³,2,false,expert,Starostin2013,,,
tanxitujia-1_all-1-1,tanxitujia-1_all-1,b.u.¹³,2,false,expert,Starostin2013,,,
tashatujia-2_ashes-1-1,tashatujia-2_ashes-1,p.u.²¹.tɕʰ.i.²⁴,3,false,expert,Starostin2013,,,
duogutujia-2_ashes-1-1,duogutujia-2_ashes-1,p.u.²¹.tsʰ.i.⁵³,3,false,expert,Starostin2013,,,
dianfangtujia-2_ashes-1-1,dianfangtujia-2_ashes-1,p.u.²¹.tsʰ.i.³⁵,3,false,expert,Starostin2013,,,
boluotujia-2_ashes-1-1,boluotujia-2_ashes-1,m.u.²¹.tsʰ.i.⁵³,3,false,expert,Starostin2013,,,
tanxitujia-2_ashes-1-1,tanxitujia-2_ashes-1,m.u.¹³.tsʰ.i.⁵⁵,3,false,expert,Starostin2013,,,
tashatujia-3_bark-1-1,tashatujia-3_bark-1,kʰ.a.²¹.tʰ.a.²⁴.pʰ.a.²¹,4,false,expert,Starostin2013,,,
tashatujia-4_belly-1-1,tashatujia-4_belly-1,m.ɤ.²¹.tsʰ.i.²¹.kʰ.ɤ.⁵⁵,5,false,expert,Starostin2013,,,
duogutujia-4_belly-1-1,duogutujia-4_belly-1,m.ɨ.e.²¹,5,false,expert,Starostin2013,,,
dianfangtujia-4_belly-1-1,dianfangtujia-4_belly-1,m.ɨ.e.²¹,5,false,expert,Starostin2013,,,
boluotujia-4_belly-1-1,boluotujia-4_belly-1,m.ɨ.e.²¹.tɕ.i.⁵³,5,false,expert,Starostin2013,,,
tanxitujia-4_belly-1-1,tanxitujia-4_belly-1,m.ɨ.e.¹³.tɕ.i.⁵⁵,5,false,expert,Starostin2013,,,
tashatujia-5_big-1-1,tashatujia-5_big-1,tsʰ.i.²¹,6,false,expert,Starostin2013,,,
duogutujia-5_big-1-1,duogutujia-5_big-1,tsʰ.i.⁵³,6,false,expert,Starostin2013,,,
dianfangtujia-5_big-1-1,dianfangtujia-5_big-1,tsʰ.i.⁵⁵,6,false,expert,Starostin2013,,,
boluotujia-5_big-1-1,boluotujia-5_big-1,tɕʰ.i.³³,6,false,expert,Starostin2013,,,
tanxitujia-5_big-1-1,tanxitujia-5_big-1,tɕʰ.i.³³,6,false,expert,Starostin2013,,,
tashatujia-6_bird-1-1,tashatujia-6_bird-1,n.j.ɛ.²⁴.p.i.⁵⁵,7,false,expert,Starostin2013,,,
duogutujia-6_bird-1-1,duogutujia-6_bird-1,n.i.e.²¹.p.i.⁵³,7,false,expert,Starostin2013,,,
dianfangtujia-6_bird-1-1,dianfangtujia-6_bird-1,n.e.³⁵.p.i.³⁵,7,false,expert,Starostin2013,,,
boluotujia-6_bird-1-1,boluotujia-6_bird-1,k.ɨ.²¹.ts.o.²¹.n.ũ.∼.²¹,8,false,expert,Starostin2013,,,
tanxitujia-6_bird-1-1,tanxitujia-6_bird-1,k.ɨ.²¹.ts.o.²¹,8,false,expert,Starostin2013,,,
tashatujia-7_bite-1-1,tashatujia-7_bite-1,k.a.²⁴,9,false,expert,Starostin2013,,,
duogutujia-7_bite-1-1,duogutujia-7_bite-1,k.a.²⁴,9,false,expert,Starostin2013,,,
boluotujia-7_bite-1-1,boluotujia-7_bite-1,ɡ.o.¹³,9,false,expert,Starostin2013,,,
tashatujia-8_black-1-1,tashatujia-8_black-1,l.a.ŋ.²⁴.k.a.⁵⁵,10,false,expert,Starostin2013,,,
duogutujia-8_black-1-1,duogutujia-8_black-1,l.ã.∼.⁴⁴.k.a.⁴⁴.t.i.e.²¹,10,false,expert,Starostin2013,,,
dianfangtujia-8_black-1-1,dianfangtujia-8_black-1,l.ã.∼.³⁵.k.a.⁵⁵,10,false,expert,Starostin2013,,,
boluotujia-8_black-1-1,boluotujia-8_black-1,n.o.²¹,10,false,expert,Starostin2013,,,
tanxitujia-8_black-1-1,tanxitujia-8_black-1,l.o.²¹,10,false,expert,Starostin2013,,,
tashatujia-9_blood-1-1,tashatujia-9_blood-1,m.j.ɛ.²¹,11,false,expert,Starostin2013,,,
duogutujia-9_blood-1-1,duogutujia-9_blood-1,m.i.e.⁵³,11,false,expert,Starostin2013,,,
dianfangtujia-9_blood-1-1,dianfangtujia-9_blood-1,m.e.⁵⁵,11,false,expert,Starostin2013,,,
boluotujia-9_blood-1-1,boluotujia-9_blood-1,m.i.e.²¹.m.i.e.²¹,11,false,expert,Starostin2013,,,
tanxitujia-9_blood-1-1,tanxitujia-9_blood-1,m.e.²¹.m.e.²¹,11,false,expert,Starostin2013,,,
tashatujia-10_bone-1-1,tashatujia-10_bone-1,l.u.⁵⁵.k.a.⁵⁵,12,false,expert,Starostin2013,,,
duogutujia-10_bone-1-1,duogutujia-10_bone-1,l.u.⁴⁴.k.a.⁴⁴,12,false,expert,Starostin2013,,,
dianfangtujia-10_bone-1-1,dianfangtujia-10_bone-1,l.u.⁵⁵.k.a.⁵⁵,12,false,expert,Starostin2013,,,
boluotujia-10_bone-1-1,boluotujia-10_bone-1,kʰ.a.²¹.kʰ.ɨ.e.⁵³,13,false,expert,Starostin2013,,,
tanxitujia-10_bone-1-1,tanxitujia-10_bone-1,kʰ.a.²¹.k.ɨ.²¹,13,false,expert,Starostin2013,,,
tashatujia-11_breast-1-1,tashatujia-11_breast-1,l.i.⁵⁵.k.w.ɔ.⁵⁵.tsʰ.ɔ.ŋ.⁵⁵,14,false,expert,Starostin2013,,,
duogutujia-11_breast-1-1,duogutujia-11_breast-1,ɕ.ĩ.∼.⁴⁴.tʰ.ã.∼.²¹,-166,false,expert,Starostin2013,,,
dianfangtujia-11_breast-1-1,dianfangtujia-11_breast-1,l.i.⁵⁵.kʰ.o.⁵⁵.tsʰ.ũ.∼.⁵⁵,14,false,expert,Starostin2013,,,
boluotujia-11_breast-1-1,boluotujia-11_breast-1,d.ẽ.∼.³³.ɡ.o.¹³.l.ẽ.∼.³³,14,false,expert,Starostin2013,,,
tanxitujia-11_breast-1-1,tanxitujia-11_breast-1,ɕ.i.õ.∼.⁵⁵.k.ẽ.∼.²¹.dʑ.i.ã.∼.²¹,15,false,expert,Starostin2013,,,
tashatujia-12_burntr-1-1,tashatujia-12_burntr-1,z.a.²¹,16,false,expert,Starostin2013,,,
duogutujia-12_burntr-1-1,duogutujia-12_burntr-1,tɕ.i.a.u.⁴⁴,17,false,expert,Starostin2013,,,
boluotujia-12_burntr-1-1,boluotujia-12_burntr-1,tɕ.i.a.ʉ.³³,17,false,expert,Starostin2013,,,
tashatujia-13_clawnail-1-1,tashatujia-13_clawnail-1,kʰ.w.ɔ.²⁴.tʰ.a.⁵⁵,18,false,expert,Starostin2013,,,
duogutujia-13_clawnail-1-1,duogutujia-13_clawnail-1,kʰ.o.⁵³.tʰ.a.⁵³,18,false,expert,Starostin2013,,,
dianfangtujia-13_clawnail-1-1,dianfangtujia-13_clawnail-1,kʰ.o.⁵⁵.tʰ.a.⁵⁵,18,false,expert,Starostin2013,,,
boluotujia-13_clawnail-1-1,boluotujia-13_clawnail-1,dʑ.i.e.⁵³.m.ũ.∼.²¹.k.o.²¹.l.o.²¹,18,false,expert,Starostin2013,,,
tanxitujia-13_clawnail-1-1,tanxitujia-13_clawnail-1,dʑ.e.⁵⁵.m.o.⁵⁵.kʰ.o.²¹,18,false,expert,Starostin2013,,,
tashatujia-14_cloud-1-1,tashatujia-14_cloud-1,m.e.²⁴.l.a.⁵⁵.ɔ.ŋ.²¹,19,false,expert,Starostin2013,,,
dianfangtujia-14_cloud-1-1,dianfangtujia-14_cloud-1,m.ɨ.e.³⁵.l.a.⁵⁵.ɣ.ũ.∼.²¹,19,false,expert,Starostin2013,,,
boluotujia-14_cloud-1-1,boluotujia-14_cloud-1,j.ẽ.∼.²¹.d.o.ʉ.³³,-167,false,expert,Starostin2013,,,
tanxitujia-14_cloud-1-1,tanxitujia-14_cloud-1,j.y.ẽ.∼.³³,-168,false,expert,Starostin2013,,,
tashatujia-15_cold-1-1,tashatujia-15_cold-1,s.a.²¹,20,false,expert,Starostin2013,,,
duogutujia-15_cold-1-1,duogutujia-15_cold-1,s.a.⁵³,20,false,expert,Starostin2013,,,
dianfangtujia-15_cold-1-1,dianfangtujia-15_cold-1,s.a.⁵⁵,20,false,expert,Starostin2013,,,
boluotujia-15_cold-1-1,boluotujia-15_cold-1,s.i.²¹.dz.a.²¹,21,false,expert,Starostin2013,,,
tanxitujia-15_cold-1-1,tanxitujia-15_cold-1,s.i.²¹.dz.a.¹³,21,false,expert,Starostin2013,,,
tashatujia-16_come-1-1,tashatujia-16_come-1,ɤ.ŋ.²¹.tɕ.j.u.²¹,22,false,expert,Starostin2013,,,
duogutujia-16_come-1-1,duogutujia-16_come-1,ẽ.∼.²¹.ts.i.²¹,22,false,expert,Starostin2013,,,
dianfangtujia-16_come-1-1,dianfangtujia-16_come-1,ẽ.∼.²¹.ts.i.²¹,22,false,expert,Starostin2013,,,
boluotujia-16_come-1-1,boluotujia-16_come-1,ɣ.ɨ.²¹.d.ɨ.⁵³,22,false,expert,Starostin2013,,,
tanxitujia-16_come-1-1,tanxitujia-16_come-1,ʔ.ɨ.¹³.d.ɨ.⁵⁵,22,false,expert,Starostin2013,,,
tashatujia-17_die-1-1,tashatujia-17_die-1,s.ɤ.²⁴,23,false,expert,Starostin2013,,,
duogutujia-17_die-1-1,duogutujia-17_die-1,s.e.²⁴,23,false,expert,Starostin2013,,,
dianfangtujia-17_die-1-1,dianfangtujia-17_die-1,s.e.³⁵,23,false,expert,Starostin2013,,,
boluotujia-17_die-1-1,boluotujia-17_die-1,s.e.²¹,23,false,expert,Starostin2013,,,
tanxitujia-17_die-1-1,tanxitujia-17_die-1,s.e.²¹,23,false,expert,Starostin2013,,,
tashatujia-18_dog-1-1,tashatujia-18_dog-1,x.a.²¹.l.j.ɛ.²¹,24,false,expert,Starostin2013,,,
duogutujia-18_dog-1-1,duogutujia-18_dog-1,x.a.⁵³.l.i.e.²¹,24,false,expert,Starostin2013,,,
dianfangtujia-18_dog-1-1,dianfangtujia-18_dog-1,x.a.⁵⁵.l.e.²¹,24,false,expert,Starostin2013,,,
boluotujia-18_dog-1-1,boluotujia-18_dog-1,tsʰ.e.⁵³,25,false,expert,Starostin2013,,,
tanxitujia-18_dog-1-1,tanxitujia-18_dog-1,tsʰ.e.⁵⁵,25,false,expert,Starostin2013,,,
tashatujia-19_drink-1-1,tashatujia-19_drink-1,x.u.²¹,26,false,expert,Starostin2013,,,
duogutujia-19_drink-1-1,duogutujia-19_drink-1,x.u.²¹,26,false,expert,Starostin2013,,,
dianfangtujia-19_drink-1-1,dianfangtujia-19_drink-1,x.u.²¹,26,false,expert,Starostin2013,,,
boluotujia-19_drink-1-1,boluotujia-19_drink-1,dz.o.ʉ.³³,27,false,expert,Starostin2013,,,
tanxitujia-19_drink-1-1,tanxitujia-19_drink-1,dz.ʉ.³³,27,false,expert,Starostin2013,,,
tashatujia-20_dry-1-1,tashatujia-20_dry-1,k.a.²¹,28,false,expert,Starostin2013,,,
duogutujia-20_dry-1-1,duogutujia-20_dry-1,a.⁵³.k.a.²¹,28,false,expert,Starostin2013,,,
dianfangtujia-20_dry-1-1,dianfangtujia-20_dry-1,k.a.²¹,28,false,expert,Starostin2013,,,
boluotujia-20_dry-1-1,boluotujia-20_dry-1,ɡ.o.¹³,28,false,expert,Starostin2013,,,
tanxitujia-20_dry-1-1,tanxitujia-20_dry-1,ɡ.o.⁵⁵,28,false,expert,Starostin2013,,,
tashatujia-21_ear-1-1,tashatujia-21_ear-1,ɤ.ŋ.²¹.tɕʰ.j.ɛ.²⁴,29,false,expert,Starostin2013,,,
duogutujia-21_ear-1-1,duogutujia-21_ear-1,ũ.∼.²¹.tɕʰ.i.e.⁴⁴,29,false,expert,Starostin2013,,,
dianfangtujia-21_ear-1-1,dianfangtujia-21_ear-1,ẽ.∼.²¹.tɕʰ.e.³⁵,29,false,expert,Starostin2013,,,
boluotujia-21_ear-1-1,boluotujia-21_ear-1,ts.a.²¹.p.o.⁵³,30,false,expert,Starostin2013,,,
tanxitujia-21_ear-1-1,tanxitujia-21_ear-1,ts.ã.∼.²¹.p.ʉ.⁵⁵,30,false,expert,Starostin2013,,,
tashatujia-22_earth-1-1,tashatujia-22_earth-1,z.w.ɔ.²¹,31,false,expert,Starostin2013,,,
duogutujia-22_earth-1-1,duogutujia-22_earth-1,z.o.⁵³,31,false,expert,Starostin2013,,,
dianfangtujia-22_earth-1-1,dianfangtujia-22_earth-1,z.o.⁵⁵,31,false,expert,Starostin2013,,,
boluotujia-22_earth-1-1,boluotujia-22_earth-1,z.a.⁵³,31,false,expert,Starostin2013,,,
tanxitujia-22_earth-1-1,tanxitujia-22_earth-1,z.a.⁵⁵,31,false,expert,Starostin2013,,,
tashatujia-23_eat-1-1,tashatujia-23_eat-1,k.a.²⁴,32,false,expert,Starostin2013,,,
duogutujia-23_eat-1-1,duogutujia-23_eat-1,k.a.²⁴,32,false,expert,Starostin2013,,,
dianfangtujia-23_eat-1-1,dianfangtujia-23_eat-1,k.a.³⁵,32,false,expert,Starostin2013,,,
boluotujia-23_eat-1-1,boluotujia-23_eat-1,ɣ.ɨ.e.¹³,33,false,expert,Starostin2013,,,
tanxitujia-23_eat-1-1,tanxitujia-23_eat-1,ɣ.ɨ.e.³⁵,33,false,expert,Starostin2013,,,
tashatujia-24_egg-1-1,tashatujia-24_egg-1,a.⁵⁵.l.j.ɛ.⁵⁵,34,false,expert,Starostin2013,,,
dianfangtujia-24_egg-1-1,dianfangtujia-24_egg-1,a.⁵⁵.l.e.⁵⁵,34,false,expert,Starostin2013,,,
boluotujia-24_egg-1-1,boluotujia-24_egg-1,s.i.²¹.ŋ.ɨ.e.²¹.a.¹³.l.ɨ.e.⁵³,34,false,expert,Starostin2013,,,
tanxitujia-24_egg-1-1,tanxitujia-24_egg-1,ʔ.a.²¹.l.e.⁵⁵,34,false,expert,Starostin2013,,,
tashatujia-25_eye-1-1,tashatujia-25_eye-1,l.w.ɔ.²⁴.p.u.⁵⁵,35,false,expert,Starostin2013,,,
duogutujia-25_eye-1-1,duogutujia-25_eye-1,l.o.²⁴.p.u.⁴⁴,35,false,expert,Starostin2013,,,
dianfangtujia-25_eye-1-1,dianfangtujia-25_eye-1,l.o.³⁵.p.u.³⁵,35,false,expert,Starostin2013,,,
boluotujia-25_eye-1-1,boluotujia-25_eye-1,a.²¹.l.a.⁵³,35,false,expert,Starostin2013,,,
tanxitujia-25_eye-1-1,tanxitujia-25_eye-1,ʔ.a.²¹.l.a.⁵⁵,35,false,expert,Starostin2013,,,
duogutujia-101_far-1-1,duogutujia-101_far-1,ɣ.ɨ.e.²¹,152,false,expert,Starostin2013,,,
dianfangtujia-101_far-1-1,dianfangtujia-101_far-1,ɣ.ɨ.e.²¹,152,false,expert,Starostin2013,,,
boluotujia-101_far-1-1,boluotujia-101_far-1,ɣ.o.ʉ.²¹.i.⁵³,153,false,expert,Starostin2013,,,
tanxitujia-101_far-1-1,tanxitujia-101_far-1,ʔ.ʉ.¹³.j.i.⁵⁵,153,false,expert,Starostin2013,,,
tashatujia-27_feather-1-1,tashatujia-27_feather-1,s.i.²⁴.k.a.²¹,36,false,expert,Starostin2013,,,
duogutujia-27_feather-1-1,duogutujia-27_feather-1,tɕ.i.²⁴.k.a.⁴⁴,36,false,expert,Starostin2013,,,
boluotujia-27_feather-1-1,boluotujia-27_feather-1,a.³³.s.o.³³,37,false,expert,Starostin2013,,,
tashatujia-28_fire-1-1,tashatujia-28_fire-1,m.i.²¹,38,false,expert,Starostin2013,,,
duogutujia-28_fire-1-1,duogutujia-28_fire-1,m.i.⁵³,38,false,expert,Starostin2013,,,
dianfangtujia-28_fire-1-1,dianfangtujia-28_fire-1,m.i.⁵⁵,38,false,expert,Starostin2013,,,
boluotujia-28_fire-1-1,boluotujia-28_fire-1,m.i.⁵³,38,false,expert,Starostin2013,,,
tanxitujia-28_fire-1-1,tanxitujia-28_fire-1,m.i.⁵⁵,38,false,expert,Starostin2013,,,
tashatujia-29_fish-1-1,tashatujia-29_fish-1,s.ɔ.ŋ.²⁴,39,false,expert,Starostin2013,,,
duogutujia-29_fish-1-1,duogutujia-29_fish-1,s.ũ.∼.²⁴,39,false,expert,Starostin2013,,,
dianfangtujia-29_fish-1-1,dianfangtujia-29_fish-1,s.ũ.∼.³⁵,39,false,expert,Starostin2013,,,
boluotujia-29_fish-1-1,boluotujia-29_fish-1,s.i.²¹.ŋ.e.²¹,40,false,expert,Starostin2013,,,
tanxitujia-29_fish-1-1,tanxitujia-29_fish-1,s.i.²¹.ŋ.ɨ.²¹,40,false,expert,Starostin2013,,,
tashatujia-30_flyv-1-1,tashatujia-30_flyv-1,z.a.²⁴,41,false,expert,Starostin2013,,,
duogutujia-30_flyv-1-1,duogutujia-30_flyv-1,z.a.⁵³,41,false,expert,Starostin2013,,,
dianfangtujia-30_flyv-1-1,dianfangtujia-30_flyv-1,z.a.⁵⁵,41,false,expert,Starostin2013,,,
boluotujia-30_flyv-1-1,boluotujia-30_flyv-1,m.u.³³.dʑ.i.³³,42,false,expert,Starostin2013,,,
tanxitujia-30_flyv-1-1,tanxitujia-30_flyv-1,m.u.³³.dz.i.³³,42,false,expert,Starostin2013,,,
tashatujia-31_foot-1-1,tashatujia-31_foot-1,tɕ.i.²¹,43,false,expert,Starostin2013,,,
duogutujia-31_foot-1-1,duogutujia-31_foot-1,tɕ.i.²¹.pʰ.a.²¹,43,false,expert,Starostin2013,,,
dianfangtujia-31_foot-1-1,dianfangtujia-31_foot-1,tɕ.i.²¹,43,false,expert,Starostin2013,,,
boluotujia-31_foot-1-1,boluotujia-31_foot-1,a.³³.dʑ.i.¹³,43,false,expert,Starostin2013,,,
tanxitujia-31_foot-1-1,tanxitujia-31_foot-1,ʔ.a.³³.dʑ.i.³⁵,43,false,expert,Starostin2013,,,
duogutujia-32_full-1-1,duogutujia-32_full-1,m.ã.∼.⁵³,44,false,expert,Starostin2013,,,
dianfangtujia-32_full-1-1,dianfangtujia-32_full-1,m.ã.∼.⁵⁵,44,false,expert,Starostin2013,,,
boluotujia-32_full-1-1,boluotujia-32_full-1,m.o.ʉ.⁵³,44,false,expert,Starostin2013,,,
tanxitujia-32_full-1-1,tanxitujia-32_full-1,m.ʉ.³³,44,false,expert,Starostin2013,,,
tashatujia-33_give-1-1,tashatujia-33_give-1,l.j.ɛ.²⁴,45,false,expert,Starostin2013,,,
duogutujia-33_give-1-1,duogutujia-33_give-1,l.i.e.²⁴,45,false,expert,Starostin2013,,,
dianfangtujia-33_give-1-1,dianfangtujia-33_give-1,l.e.³⁵,45,false,expert,Starostin2013,,,
boluotujia-33_give-1-1,boluotujia-33_give-1,l.i.e.⁵³,45,false,expert,Starostin2013,,,
tanxitujia-33_give-1-1,tanxitujia-33_give-1,l.e.⁵⁵,45,false,expert,Starostin2013,,,
tashatujia-34_good-1-1,tashatujia-34_good-1,tsʰ.a.²⁴,46,false,expert,Starostin2013,,,
duogutujia-34_good-1-1,duogutujia-34_good-1,tsʰ.a.²⁴,46,false,expert,Starostin2013,,,
dianfangtujia-34_good-1-1,dianfangtujia-34_good-1,tsʰ.a.³⁵,46,false,expert,Starostin2013,,,
boluotujia-34_good-1-1,boluotujia-34_good-1,tsʰ.o.²¹,46,false,expert,Starostin2013,,,
tanxitujia-34_good-1-1,tanxitujia-34_good-1,tsʰ.o.³³,46,false,expert,Starostin2013,,,
tashatujia-35_green-1-1,tashatujia-35_green-1,ɕ.i.ŋ.²⁴.k.a.⁵⁵,47,false,expert,Starostin2013,,,
duogutujia-35_green-1-1,duogutujia-35_green-1,l.u.²¹.l.u.²¹.t.i.⁴⁴,48,false,expert,Starostin2013,,,
dianfangtujia-35_green-1-1,dianfangtujia-35_green-1,l.u.³⁵.k.a.⁵⁵,48,false,expert,Starostin2013,,,
boluotujia-35_green-1-1,boluotujia-35_green-1,ɕ.i.²¹,47,false,expert,Starostin2013,,,
tanxitujia-35_green-1-1,tanxitujia-35_green-1,l.u.²¹,48,false,expert,Starostin2013,,,
tashatujia-36_hair-1-1,tashatujia-36_hair-1,s.a.²⁴.tɕʰ.i.⁵⁵,49,false,expert,Starostin2013,,,
duogutujia-36_hair-1-1,duogutujia-36_hair-1,s.a.²⁴.tɕʰ.i.⁴⁴,49,false,expert,Starostin2013,,,
dianfangtujia-36_hair-1-1,dianfangtujia-36_hair-1,s.a.³⁵.tɕʰ.i.⁵⁵,49,false,expert,Starostin2013,,,
boluotujia-36_hair-1-1,boluotujia-36_hair-1,a.²¹.b.o.⁵³.a.²¹.s.o.²¹,49,false,expert,Starostin2013,,,
tanxitujia-36_hair-1-1,tanxitujia-36_hair-1,ʔ.a.²¹.s.o.²¹,49,false,expert,Starostin2013,,,
tashatujia-37_hand-1-1,tashatujia-37_hand-1,tɕ.j.ɛ.²⁴,50,false,expert,Starostin2013,,,
duogutujia-37_hand-1-1,duogutujia-37_hand-1,tɕ.i.e.²⁴,50,false,expert,Starostin2013,,,
dianfangtujia-37_hand-1-1,dianfangtujia-37_hand-1,tɕ.e.³⁵,50,false,expert,Starostin2013,,,
boluotujia-37_hand-1-1,boluotujia-37_hand-1,a.²¹.dʑ.i.e.⁵³,50,false,expert,Starostin2013,,,
tanxitujia-37_hand-1-1,tanxitujia-37_hand-1,ʔ.a.²¹.dʑ.e.⁵⁵,50,false,expert,Starostin2013,,,
tashatujia-38_head-1-1,tashatujia-38_head-1,kʰ.a.⁵⁵.tʰ.a.⁵⁵,51,false,expert,Starostin2013,,,
duogutujia-38_head-1-1,duogutujia-38_head-1,kʰ.o.⁵³.p.a.⁵³,51,false,expert,Starostin2013,,,
dianfangtujia-38_head-1-1,dianfangtujia-38_head-1,kʰ.o.⁵⁵.p.a.⁵⁵,51,false,expert,Starostin2013,,,
boluotujia-38_head-1-1,boluotujia-38_head-1,a.²¹.b.o.⁵³.b.u.²¹,52,false,expert,Starostin2013,,,
tanxitujia-38_head-1-1,tanxitujia-38_head-1,ʔ.a.²¹.b.o.⁵⁵,52,false,expert,Starostin2013,,,
tashatujia-39_hear-1-1,tashatujia-39_hear-1,ɕ.i.²¹,53,false,expert,Starostin2013,,,
duogutujia-39_hear-1-1,duogutujia-39_hear-1,z.u.²¹,54,false,expert,Starostin2013,,,
dianfangtujia-39_hear-1-1,dianfangtujia-39_hear-1,z.u.²¹,54,false,expert,Starostin2013,,,
boluotujia-39_hear-1-1,boluotujia-39_hear-1,x.o.³³.z.i.³³,55,false,expert,Starostin2013,,,
tanxitujia-39_hear-1-1,tanxitujia-39_hear-1,ħ.o.³³.z.i.³³,55,false,expert,Starostin2013,,,
tashatujia-40_heart-1-1,tashatujia-40_heart-1,l.i.⁵⁵.kʰ.w.ɔ.⁵⁵.l.w.ɔ.⁵⁵,56,false,expert,Starostin2013,,,
duogutujia-40_heart-1-1,duogutujia-40_heart-1,l.i.⁵³.kʰ.o.⁴⁴.l.o.⁴⁴,56,false,expert,Starostin2013,,,
dianfangtujia-40_heart-1-1,dianfangtujia-40_heart-1,l.i.⁵⁵.kʰ.o.⁵⁵.l.o.³⁵,56,false,expert,Starostin2013,,,
boluotujia-40_heart-1-1,boluotujia-40_heart-1,t.u.¹³.s.ẽ.∼.³³,57,false,expert,Starostin2013,,,
tanxitujia-40_heart-1-1,tanxitujia-40_heart-1,l.i.²¹.ŋ.a.²¹,56,false,expert,Starostin2013,,,
tashatujia-102_heavy-1-1,tashatujia-102_heavy-1,t.u.²¹,154,false,expert,Starostin2013,,,
duogutujia-102_heavy-1-1,duogutujia-102_heavy-1,t.u.⁵³,154,false,expert,Starostin2013,,,
dianfangtujia-102_heavy-1-1,dianfangtujia-102_heavy-1,t.u.⁵⁵,154,false,expert,Starostin2013,,,
boluotujia-102_heavy-1-1,boluotujia-102_heavy-1,d.o.ʉ.¹³,154,false,expert,Starostin2013,,,
tanxitujia-102_heavy-1-1,tanxitujia-102_heavy-1,d.ʉ.³⁵,154,false,expert,Starostin2013,,,
tashatujia-41_horn-1-1,tashatujia-41_horn-1,kʰ.ɤ.²¹,58,false,expert,Starostin2013,,,
duogutujia-41_horn-1-1,duogutujia-41_horn-1,kʰ.ɨ.e.⁵³,58,false,expert,Starostin2013,,,
dianfangtujia-41_horn-1-1,dianfangtujia-41_horn-1,kʰ.ɨ.e.⁵⁵,58,false,expert,Starostin2013,,,
boluotujia-41_horn-1-1,boluotujia-41_horn-1,a.³³.kʰ.ɨ.e.³³,58,false,expert,Starostin2013,,,
tanxitujia-41_horn-1-1,tanxitujia-41_horn-1,ʔ.a.³³.kʰ.ɨ.e.³³,58,false,expert,Starostin2013,,,
tashatujia-43_kill-1-1,tashatujia-43_kill-1,p.u.²⁴,60,false,expert,Starostin2013,,,
duogutujia-43_kill-1-1,duogutujia-43_kill-1,p.u.²⁴,60,false,expert,Starostin2013,,,
dianfangtujia-43_kill-1-1,dianfangtujia-43_kill-1,p.u.³⁵,60,false,expert,Starostin2013,,,
boluotujia-43_kill-1-1,boluotujia-43_kill-1,ɣ.ɨ.e.¹³,61,false,expert,Starostin2013,,,
tanxitujia-43_kill-1-1,tanxitujia-43_kill-1,ʔ.ɨ.¹³,61,false,expert,Starostin2013,,,
duogutujia-44_knee-1-1,duogutujia-44_knee-1,tɕ.i.²¹.tʰ.i.²¹.kʰ.e.⁵³.k.a.i.²⁴.k.a.i.²⁴,62,false,expert,Starostin2013,,,
dianfangtujia-44_knee-1-1,dianfangtujia-44_knee-1,tɕ.i.²¹.tʰ.i.²¹.kʰ.ɨ.e.⁵⁵,62,false,expert,Starostin2013,,,
boluotujia-44_knee-1-1,boluotujia-44_knee-1,dʑ.i.²¹.t.o.²¹.ŋ.o.¹³,63,false,expert,Starostin2013,,,
tanxitujia-44_knee-1-1,tanxitujia-44_knee-1,ʔ.a.²¹.dʑ.i.³⁵.p.o.³³.l.o.³³,64,false,expert,Starostin2013,,,
tashatujia-45_know-1-1,tashatujia-45_know-1,x.a.²¹.z.i.²¹,65,false,expert,Starostin2013,,,
duogutujia-45_know-1-1,duogutujia-45_know-1,x.a.u.⁵³.ɕ.i.⁴⁴,65,false,expert,Starostin2013,,,
dianfangtujia-45_know-1-1,dianfangtujia-45_know-1,x.a.u.⁵⁵.ɕ.i.³⁵,65,false,expert,Starostin2013,,,
boluotujia-45_know-1-1,boluotujia-45_know-1,ɕ.i.e.⁵³,66,false,expert,Starostin2013,,,
tanxitujia-45_know-1-1,tanxitujia-45_know-1,ɕ.e.⁵⁵.tsʰ.e.⁵⁵,66,false,expert,Starostin2013,,,
tashatujia-46_leaf-1-1,tashatujia-46_leaf-1,ɣ.ɤ.⁵⁵.tʰ.a.⁵⁵,67,false,expert,Starostin2013,,,
duogutujia-46_leaf-1-1,duogutujia-46_leaf-1,ɣ.ɨ.e.⁵³.tʰ.a.⁵³,67,false,expert,Starostin2013,,,
dianfangtujia-46_leaf-1-1,dianfangtujia-46_leaf-1,ɣ.ɨ.e.⁵⁵.tʰ.a.⁵⁵,67,false,expert,Starostin2013,,,
boluotujia-46_leaf-1-1,boluotujia-46_leaf-1,a.³³.ɣ.ɨ.e.³³,68,false,expert,Starostin2013,,,
tanxitujia-46_leaf-1-1,tanxitujia-46_leaf-1,ʔ.a.²¹.ɣ.ɨ.e.²¹,68,false,expert,Starostin2013,,,
tashatujia-47_lie-1-1,tashatujia-47_lie-1,pʰ.ɤ.²¹,69,false,expert,Starostin2013,,,
duogutujia-47_lie-1-1,duogutujia-47_lie-1,n.i.e.²⁴.p.o.⁴⁴,70,false,expert,Starostin2013,,,
boluotujia-47_lie-1-1,boluotujia-47_lie-1,kʰ.a.ʉ.¹³,71,false,expert,Starostin2013,,,
tashatujia-48_liver-1-1,tashatujia-48_liver-1,a.ŋ.⁵⁵.a.⁵⁵,72,false,expert,Starostin2013,,,
duogutujia-48_liver-1-1,duogutujia-48_liver-1,a.⁵³.ŋ.a.i.⁴⁴,72,false,expert,Starostin2013,,,
dianfangtujia-48_liver-1-1,dianfangtujia-48_liver-1,ã.∼.⁵⁵.ŋ.a.⁵⁵,72,false,expert,Starostin2013,,,
boluotujia-48_liver-1-1,boluotujia-48_liver-1,k.æ̃.∼.³³,-169,false,expert,Starostin2013,,,
tanxitujia-48_liver-1-1,tanxitujia-48_liver-1,k.ã.∼.³³,-170,false,expert,Starostin2013,,,
tashatujia-49_long-1-1,tashatujia-49_long-1,ɣ.ɤ.²¹,73,false,expert,Starostin2013,,,
duogutujia-49_long-1-1,duogutujia-49_long-1,ɣ.ɨ.e.²¹,73,false,expert,Starostin2013,,,
dianfangtujia-49_long-1-1,dianfangtujia-49_long-1,ɣ.ɨ.e.²¹,73,false,expert,Starostin2013,,,
boluotujia-49_long-1-1,boluotujia-49_long-1,ɣ.ɨ.e.¹³,73,false,expert,Starostin2013,,,
tanxitujia-49_long-1-1,tanxitujia-49_long-1,ɣ.ɨ.e.³⁵,73,false,expert,Starostin2013,,,
tashatujia-50_louse-1-1,tashatujia-50_louse-1,s.i.⁵⁵.s.i.⁵⁵,74,false,expert,Starostin2013,,,
duogutujia-50_louse-1-1,duogutujia-50_louse-1,s.i.⁵³.s.i.⁴⁴,74,false,expert,Starostin2013,,,
dianfangtujia-50_louse-1-1,dianfangtujia-50_louse-1,s.i.⁵⁵.s.i.⁵⁵,74,false,expert,Starostin2013,,,
boluotujia-50_louse-1-1,boluotujia-50_louse-1,a.²¹.s.i.⁵³.l.ũ.∼.³³,74,false,expert,Starostin2013,,,
tanxitujia-50_louse-1-1,tanxitujia-50_louse-1,ʔ.a.²¹.s.i.⁵⁵,74,false,expert,Starostin2013,,,
tashatujia-51_man-1-1,tashatujia-51_man-1,ts.w.ɔ.⁵⁵.p.a.⁵⁵,75,false,expert,Starostin2013,,,
duogutujia-51_man-1-1,duogutujia-51_man-1,n.o.⁵³.p.a.⁴⁴.ts.e.⁴⁴,75,false,expert,Starostin2013,,,
dianfangtujia-51_man-1-1,dianfangtujia-51_man-1,n.o.⁵⁵.p.a.⁵⁵,75,false,expert,Starostin2013,,,
boluotujia-51_man-1-1,boluotujia-51_man-1,a.²¹.k.o.²¹.b.i.e.²¹,76,false,expert,Starostin2013,,,
tanxitujia-51_man-1-1,tanxitujia-51_man-1,ʔ.a.²¹.k.o.²¹.b.e.²¹.ŋ.ɨ.²¹,76,false,expert,Starostin2013,,,
tashatujia-52_many-1-1,tashatujia-52_many-1,z.i.²¹,77,false,expert,Starostin2013,,,
duogutujia-52_many-1-1,duogutujia-52_many-1,z.i.²¹,77,false,expert,Starostin2013,,,
dianfangtujia-52_many-1-1,dianfangtujia-52_many-1,z.i.²¹,77,false,expert,Starostin2013,,,
boluotujia-52_many-1-1,boluotujia-52_many-1,z.i.⁴⁵,77,false,expert,Starostin2013,,,
tanxitujia-52_many-1-1,tanxitujia-52_many-1,z.i.³⁵,77,false,expert,Starostin2013,,,
tashatujia-53_meat-1-1,tashatujia-53_meat-1,s.i.²¹,78,false,expert,Starostin2013,,,
duogutujia-53_meat-1-1,duogutujia-53_meat-1,s.i.²¹,78,false,expert,Starostin2013,,,
dianfangtujia-53_meat-1-1,dianfangtujia-53_meat-1,s.i.²¹,78,false,expert,Starostin2013,,,
boluotujia-53_meat-1-1,boluotujia-53_meat-1,s.i.¹³,78,false,expert,Starostin2013,,,
tanxitujia-53_meat-1-1,tanxitujia-53_meat-1,s.i.³⁵,78,false,expert,Starostin2013,,,
tashatujia-54_moon-1-1,tashatujia-54_moon-1,s.u.²¹.s.u.²¹,79,false,expert,Starostin2013,,,
duogutujia-54_moon-1-1,duogutujia-54_moon-1,s.u.²¹.s.u.²¹.kʰ.a.²¹.tɕ.j.e.⁴⁴,79,false,expert,Starostin2013,,,
dianfangtujia-54_moon-1-1,dianfangtujia-54_moon-1,s.u.²¹.s.u.²¹,79,false,expert,Starostin2013,,,
boluotujia-54_moon-1-1,boluotujia-54_moon-1,j.e.²¹.l.i.ã.∼.⁴⁵,-171,false,expert,Starostin2013,,,
tanxitujia-54_moon-1-1,tanxitujia-54_moon-1,l.o.³⁵.ɕ.i.⁵⁵.d.ʉ.³⁵,80,false,expert,Starostin2013,,,
tashatujia-55_mountain-1-1,tashatujia-55_mountain-1,kʰ.u.⁵⁵.l.j.ɛ.⁵⁵,81,false,expert,Starostin2013,,,
duogutujia-55_mountain-1-1,duogutujia-55_mountain-1,kʰ.u.⁵³.ts.a.⁵³,81,false,expert,Starostin2013,,,
dianfangtujia-55_mountain-1-1,dianfangtujia-55_mountain-1,kʰ.u.⁵⁵.ts.a.⁵⁵,81,false,expert,Starostin2013,,,
boluotujia-55_mountain-1-1,boluotujia-55_mountain-1,z.a.⁵³.kʰ.a.²¹,82,false,expert,Starostin2013,,,
tanxitujia-55_mountain-1-1,tanxitujia-55_mountain-1,z.a.⁵⁵,82,false,expert,Starostin2013,,,
tashatujia-56_mouth-1-1,tashatujia-56_mouth-1,ts.a.²⁴.tɕʰ.i.⁵⁵,83,false,expert,Starostin2013,,,
duogutujia-56_mouth-1-1,duogutujia-56_mouth-1,ts.a.²⁴.tɕʰ.i.⁴⁴,83,false,expert,Starostin2013,,,
dianfangtujia-56_mouth-1-1,dianfangtujia-56_mouth-1,ts.a.³⁵.tɕʰ.i.⁵⁵,83,false,expert,Starostin2013,,,
boluotujia-56_mouth-1-1,boluotujia-56_mouth-1,a.²¹.z.e.²¹,84,false,expert,Starostin2013,,,
tanxitujia-56_mouth-1-1,tanxitujia-56_mouth-1,ʔ.a.²¹.z.e.²¹,84,false,expert,Starostin2013,,,
duogutujia-57_name-1-1,duogutujia-57_name-1,m.ĩ.∼.²¹.ts.i.²⁴,-172,false,expert,Starostin2013,,,
dianfangtujia-57_name-1-1,dianfangtujia-57_name-1,m.ĩ.∼.²¹.ts.i.³⁵,-173,false,expert,Starostin2013,,,
boluotujia-57_name-1-1,boluotujia-57_name-1,n.i.o.ʉ.³³,85,false,expert,Starostin2013,,,
tanxitujia-57_name-1-1,tanxitujia-57_name-1,n.i.ʉ.³⁵.b.o.²¹,85,false,expert,Starostin2013,,,
duogutujia-103_near-1-1,duogutujia-103_near-1,ts.ũ.∼.⁵³,155,false,expert,Starostin2013,,,
dianfangtujia-103_near-1-1,dianfangtujia-103_near-1,ts.ũ.∼.⁵⁵,155,false,expert,Starostin2013,,,
boluotujia-103_near-1-1,boluotujia-103_near-1,ɣ.o.ʉ.²¹.dz.a.²¹,156,false,expert,Starostin2013,,,
tanxitujia-103_near-1-1,tanxitujia-103_near-1,ʔ.ʉ.¹³.dz.a.³³,156,false,expert,Starostin2013,,,
tashatujia-58_neck-1-1,tashatujia-58_neck-1,kʰ.ɔ.ŋ.⁵⁵.t.i.⁵⁵,86,false,expert,Starostin2013,,,
duogutujia-58_neck-1-1,duogutujia-58_neck-1,kʰ.ũ.∼.⁴⁴.t.i.⁴⁴,86,false,expert,Starostin2013,,,
dianfangtujia-58_neck-1-1,dianfangtujia-58_neck-1,kʰ.ũ.∼.⁵⁵.t.i.⁵⁵,86,false,expert,Starostin2013,,,
boluotujia-58_neck-1-1,boluotujia-58_neck-1,k.u.a.¹³.l.a.⁵³,87,false,expert,Starostin2013,,,
tanxitujia-58_neck-1-1,tanxitujia-58_neck-1,ɡ.u.a.²¹.l.a.⁵⁵,87,false,expert,Starostin2013,,,
tashatujia-59_new-1-1,tashatujia-59_new-1,a.²⁴.ɕ.i.⁵⁵,88,false,expert,Starostin2013,,,
duogutujia-59_new-1-1,duogutujia-59_new-1,ɣ.a.²⁴.s.i.⁴⁴,88,false,expert,Starostin2013,,,
dianfangtujia-59_new-1-1,dianfangtujia-59_new-1,a.³⁵.s.i.³⁵,88,false,expert,Starostin2013,,,
boluotujia-59_new-1-1,boluotujia-59_new-1,a.³³.ɕ.i.³³,88,false,expert,Starostin2013,,,
tanxitujia-59_new-1-1,tanxitujia-59_new-1,ʔ.a.⁵⁵.ɕ.i.²¹,88,false,expert,Starostin2013,,,
tashatujia-60_night-1-1,tashatujia-60_night-1,pʰ.ɤ.⁵⁵,89,false,expert,Starostin2013,,,
tashatujia-61_nose-1-1,tashatujia-61_nose-1,ɤ.ŋ.²⁴.tɕʰ.i.⁵⁵,90,false,expert,Starostin2013,,,
duogutujia-61_nose-1-1,duogutujia-61_nose-1,ũ.∼.²⁴.tɕʰ.i.⁴⁴,90,false,expert,Starostin2013,,,
dianfangtujia-61_nose-1-1,dianfangtujia-61_nose-1,ẽ.∼.³⁵.tɕʰ.i.⁵⁵,90,false,expert,Starostin2013,,,
boluotujia-61_nose-1-1,boluotujia-61_nose-1,k.o.ʉ.²¹.tɕ.i.⁵³,91,false,expert,Starostin2013,,,
tanxitujia-61_nose-1-1,tanxitujia-61_nose-1,k.ʉ.¹³.tɕ.i.⁵⁵.d.ʉ.³⁵,91,false,expert,Starostin2013,,,
tashatujia-62_not-1-1,tashatujia-62_not-1,t.a.²⁴,92,false,expert,Starostin2013,,,
duogutujia-62_not-1-1,duogutujia-62_not-1,tʰ.a.⁵³,92,false,expert,Starostin2013,,,
dianfangtujia-62_not-1-1,dianfangtujia-62_not-1,tʰ.a.⁵⁵,92,false,expert,Starostin2013,,,
boluotujia-62_not-1-1,boluotujia-62_not-1,l.æ̃.∼,93,false,expert,Starostin2013,,,
tanxitujia-62_not-1-1,tanxitujia-62_not-1,m.a.⁵³,94,false,expert,Starostin2013,,,
tashatujia-63_one-1-1,tashatujia-63_one-1,l.a.²⁴,95,false,expert,Starostin2013,,,
duogutujia-63_one-1-1,duogutujia-63_one-1,n.a.²⁴,95,false,expert,Starostin2013,,,
dianfangtujia-63_one-1-1,dianfangtujia-63_one-1,n.a.³⁵,95,false,expert,Starostin2013,,,
boluotujia-63_one-1-1,boluotujia-63_one-1,l.a.³³,95,false,expert,Starostin2013,,,
tanxitujia-63_one-1-1,tanxitujia-63_one-1,l.a.⁵⁵,95,false,expert,Starostin2013,,,
tashatujia-64_person-1-1,tashatujia-64_person-1,l.w.ɔ.²¹,96,false,expert,Starostin2013,,,
dianfangtujia-64_person-1-1,dianfangtujia-64_person-1,n.o.⁵⁵,96,false,expert,Starostin2013,,,
tanxitujia-64_person-1-1,tanxitujia-64_person-1,n.i.a.³³,96,false,expert,Starostin2013,,,
tashatujia-65_rain-1-1,tashatujia-65_rain-1,m.ɤ.²⁴.z.ɤ.²¹,97,false,expert,Starostin2013,,,
duogutujia-65_rain-1-1,duogutujia-65_rain-1,m.ɨ.e.²⁴.ts.e.²¹,97,false,expert,Starostin2013,,,
dianfangtujia-65_rain-1-1,dianfangtujia-65_rain-1,m.ɨ.e.³⁵.ts.e.²¹,97,false,expert,Starostin2013,,,
boluotujia-65_rain-1-1,boluotujia-65_rain-1,z.e.¹³,97,false,expert,Starostin2013,,,
tanxitujia-65_rain-1-1,tanxitujia-65_rain-1,z.e.³⁵,97,false,expert,Starostin2013,,,
tashatujia-66_red-1-1,tashatujia-66_red-1,m.j.ɛ.n.⁵⁵.tɕ.j.ɛ.⁵⁵,98,false,expert,Starostin2013,,,
duogutujia-66_red-1-1,duogutujia-66_red-1,m.i.ã.∼.⁵³.tɕ.i.e.⁴⁴,98,false,expert,Starostin2013,,,
dianfangtujia-66_red-1-1,dianfangtujia-66_red-1,m.i.ã.∼.⁵⁵.tɕ.e.⁵⁵,98,false,expert,Starostin2013,,,
boluotujia-66_red-1-1,boluotujia-66_red-1,b.o.²¹.n.i.²¹,99,false,expert,Starostin2013,,,
tanxitujia-66_red-1-1,tanxitujia-66_red-1,b.o.³³.n.i.¹³,99,false,expert,Starostin2013,,,
tashatujia-67_road-1-1,tashatujia-67_road-1,l.a.²¹,100,false,expert,Starostin2013,,,
dianfangtujia-67_road-1-1,dianfangtujia-67_road-1,l.a.⁵⁵,100,false,expert,Starostin2013,,,
tanxitujia-67_road-1-1,tanxitujia-67_road-1,l.o.³³,100,false,expert,Starostin2013,,,
tashatujia-68_root-1-1,tashatujia-68_root-1,tɕ.i.⁵⁵.l.a.²¹,101,false,expert,Starostin2013,,,
duogutujia-68_root-1-1,duogutujia-68_root-1,tɕ.i.⁵³.l.a.²¹,101,false,expert,Starostin2013,,,
dianfangtujia-68_root-1-1,dianfangtujia-68_root-1,tɕ.i.⁵⁵.l.a.²¹,101,false,expert,Starostin2013,,,
tanxitujia-68_root-1-1,tanxitujia-68_root-1,k.ẽ.∼.³³,-174,false,expert,Starostin2013,,,
tashatujia-69_round-1-1,tashatujia-69_round-1,p.ɔ.²¹.l.w.ɔ.⁵⁵.l.w.ɔ.⁵⁵,102,false,expert,Starostin2013,,,
duogutujia-69_round-1-1,duogutujia-69_round-1,tʰ.u.ã.∼.²¹.kʰ.o.⁵³.l.i.⁴⁴,103,false,expert,Starostin2013,,,
dianfangtujia-69_round-1-1,dianfangtujia-69_round-1,kʰ.u.²¹.l.o.⁵⁵.l.o.²¹,102,false,expert,Starostin2013,,,
boluotujia-69_round-1-1,boluotujia-69_round-1,d.u.æ̃.∼.³³,103,false,expert,Starostin2013,,,
tanxitujia-69_round-1-1,tanxitujia-69_round-1,d.u.ã.∼.³³,103,false,expert,Starostin2013,,,
tashatujia-104_salt-1-1,tashatujia-104_salt-1,l.a.²⁴.p.u.⁵⁵,157,false,expert,Starostin2013,,,
duogutujia-104_salt-1-1,duogutujia-104_salt-1,l.a.²⁴.p.u.⁴⁴,157,false,expert,Starostin2013,,,
dianfangtujia-104_salt-1-1,dianfangtujia-104_salt-1,l.a.³⁵.p.u.³⁵,157,false,expert,Starostin2013,,,
boluotujia-104_salt-1-1,boluotujia-104_salt-1,a.²¹.s.i.⁵³,158,false,expert,Starostin2013,,,
tanxitujia-104_salt-1-1,tanxitujia-104_salt-1,ʔ.a.²¹.s.i.⁵⁵,158,false,expert,Starostin2013,,,
tashatujia-70_sand-1-1,tashatujia-70_sand-1,a.²¹.p.u.²⁴.l.i.⁵⁵,104,false,expert,Starostin2013,,,
duogutujia-70_sand-1-1,duogutujia-70_sand-1,ɣ.a.²¹.pʰ.i.²⁴.pʰ.i.⁵³,104,false,expert,Starostin2013,,,
dianfangtujia-70_sand-1-1,dianfangtujia-70_sand-1,a.²¹.p.u.³⁵.l.i.³⁵,104,false,expert,Starostin2013,,,
boluotujia-70_sand-1-1,boluotujia-70_sand-1,s.a.⁵³.ts.i.²¹,-175,false,expert,Starostin2013,,,
tanxitujia-70_sand-1-1,tanxitujia-70_sand-1,l.ʉ.³⁵.s.a.⁵⁵.ts.i.²¹,-176,false,expert,Starostin2013,,,
tashatujia-71_say-1-1,tashatujia-71_say-1,l.i.²¹,105,false,expert,Starostin2013,,,
duogutujia-71_say-1-1,duogutujia-71_say-1,l.i.²¹,105,false,expert,Starostin2013,,,
dianfangtujia-71_say-1-1,dianfangtujia-71_say-1,l.i.²¹,105,false,expert,Starostin2013,,,
boluotujia-71_say-1-1,boluotujia-71_say-1,x.ɨ.e.⁵³,106,false,expert,Starostin2013,,,
tanxitujia-71_say-1-1,tanxitujia-71_say-1,ħ.ɨ.⁵⁵,106,false,expert,Starostin2013,,,
tashatujia-72_see-1-1,tashatujia-72_see-1,j.i.²¹,107,false,expert,Starostin2013,,,
duogutujia-72_see-1-1,duogutujia-72_see-1,p.a.⁵³.t.o.²¹.l.i.a.w.²¹,108,false,expert,Starostin2013,,,
dianfangtujia-72_see-1-1,dianfangtujia-72_see-1,j.i.²¹,107,false,expert,Starostin2013,,,
boluotujia-72_see-1-1,boluotujia-72_see-1,b.o.¹³.i.⁴⁵,107,false,expert,Starostin2013,,,
tanxitujia-72_see-1-1,tanxitujia-72_see-1,b.o.¹³.j.i.³⁵,107,false,expert,Starostin2013,,,
tashatujia-73_seed-1-1,tashatujia-73_seed-1,n.j.ɛ.⁵⁵.l.a.ŋ.⁵⁵,109,false,expert,Starostin2013,,,
duogutujia-73_seed-1-1,duogutujia-73_seed-1,p.u.²⁴.l.i.⁵³,110,false,expert,Starostin2013,,,
dianfangtujia-73_seed-1-1,dianfangtujia-73_seed-1,n.e.⁵⁵.n.ã.∼.⁵⁵,109,false,expert,Starostin2013,,,
boluotujia-73_seed-1-1,boluotujia-73_seed-1,a.³³.l.i.e.³³,111,false,expert,Starostin2013,,,
tanxitujia-73_seed-1-1,tanxitujia-73_seed-1,ʔ.a.³³.l.e.³³,111,false,expert,Starostin2013,,,
tashatujia-105_short-1-1,tashatujia-105_short-1,ts.ɔ.ŋ.²¹,159,false,expert,Starostin2013,,,
duogutujia-105_short-1-1,duogutujia-105_short-1,ts.ũ.∼.⁵³,159,false,expert,Starostin2013,,,
dianfangtujia-105_short-1-1,dianfangtujia-105_short-1,ts.ũ.∼.⁵⁵,159,false,expert,Starostin2013,,,
boluotujia-105_short-1-1,boluotujia-105_short-1,dz.o.ʉ.¹³,159,false,expert,Starostin2013,,,
tanxitujia-105_short-1-1,tanxitujia-105_short-1,dz.ʉ.¹³,159,false,expert,Starostin2013,,,
tashatujia-74_sit-1-1,tashatujia-74_sit-1,ɔ.ŋ.²¹,112,false,expert,Starostin2013,,,
duogutujia-74_sit-1-1,duogutujia-74_sit-1,ũ.∼.²¹,112,false,expert,Starostin2013,,,
dianfangtujia-74_sit-1-1,dianfangtujia-74_sit-1,ũ.∼.²¹,112,false,expert,Starostin2013,,,
boluotujia-74_sit-1-1,boluotujia-74_sit-1,ɣ.o.ʉ.¹³,112,false,expert,Starostin2013,,,
tanxitujia-74_sit-1-1,tanxitujia-74_sit-1,ʔ.ʉ.³⁵,112,false,expert,Starostin2013,,,
tashatujia-75_skin-1-1,tashatujia-75_skin-1,tʰ.a.²⁴.pʰ.a.²¹,113,false,expert,Starostin2013,,,
duogutujia-75_skin-1-1,duogutujia-75_skin-1,tʰ.a.⁵³.pʰ.a.²¹,113,false,expert,Starostin2013,,,
dianfangtujia-75_skin-1-1,dianfangtujia-75_skin-1,tʰ.a.⁵⁵.pʰ.a.²¹,113,false,expert,Starostin2013,,,
boluotujia-75_skin-1-1,boluotujia-75_skin-1,k.o.³³.l.o.³³,114,false,expert,Starostin2013,,,
tanxitujia-75_skin-1-1,tanxitujia-75_skin-1,k.ɨ.²¹.l.o.²¹,114,false,expert,Starostin2013,,,
tashatujia-76_sleep-1-1,tashatujia-76_sleep-1,n.j.ɛ.²⁴.p.j.ɛ.²¹,115,false,expert,Starostin2013,,,
duogutujia-76_sleep-1-1,duogutujia-76_sleep-1,n.i.e.²⁴,115,false,expert,Starostin2013,,,
dianfangtujia-76_sleep-1-1,dianfangtujia-76_sleep-1,n.e.³⁵,115,false,expert,Starostin2013,,,
boluotujia-76_sleep-1-1,boluotujia-76_sleep-1,n.i.e.²¹,115,false,expert,Starostin2013,,,
tanxitujia-76_sleep-1-1,tanxitujia-76_sleep-1,n.e.²¹,115,false,expert,Starostin2013,,,
tashatujia-77_small-1-1,tashatujia-77_small-1,s.w.a.n.²¹,116,false,expert,Starostin2013,,,
duogutujia-77_small-1-1,duogutujia-77_small-1,s.u.ã.∼.⁵³,116,false,expert,Starostin2013,,,
dianfangtujia-77_small-1-1,dianfangtujia-77_small-1,s.u.ã.∼.⁵⁵,116,false,expert,Starostin2013,,,
boluotujia-77_small-1-1,boluotujia-77_small-1,s.a.³³,116,false,expert,Starostin2013,,,
tanxitujia-77_small-1-1,tanxitujia-77_small-1,s.a.³³,116,false,expert,Starostin2013,,,
duogutujia-78_smoke-1-1,duogutujia-78_smoke-1,kʰ.e.⁵³.kʰ.a.²¹,117,false,expert,Starostin2013,,,
dianfangtujia-78_smoke-1-1,dianfangtujia-78_smoke-1,kʰ.ɨ.e.⁵⁵.kʰ.a.²¹,117,false,expert,Starostin2013,,,
boluotujia-78_smoke-1-1,boluotujia-78_smoke-1,kʰ.ɨ.e.⁵³.s.a.²¹,117,false,expert,Starostin2013,,,
tanxitujia-78_smoke-1-1,tanxitujia-78_smoke-1,k.ɨ.e.⁵⁵.s.a.²¹,117,false,expert,Starostin2013,,,
tashatujia-106_snake-1-1,tashatujia-106_snake-1,w.ɔ.²¹,160,false,expert,Starostin2013,,,
duogutujia-106_snake-1-1,duogutujia-106_snake-1,u.o.⁵³,160,false,expert,Starostin2013,,,
dianfangtujia-106_snake-1-1,dianfangtujia-106_snake-1,w.o.⁵⁵,160,false,expert,Starostin2013,,,
boluotujia-106_snake-1-1,boluotujia-106_snake-1,t.ɨ.j.⁵³.p.ɨ.e.⁴⁵.n.ũ.∼.³³,161,false,expert,Starostin2013,,,
tanxitujia-106_snake-1-1,tanxitujia-106_snake-1,t.e.i.³³.pʰ.ɨ.e.³⁵,161,false,expert,Starostin2013,,,
tashatujia-79_stand-1-1,tashatujia-79_stand-1,ts.u.⁵⁵.ts.u.²¹,118,false,expert,Starostin2013,,,
duogutujia-79_stand-1-1,duogutujia-79_stand-1,ts.u.⁵³.ts.u.⁵³,118,false,expert,Starostin2013,,,
dianfangtujia-79_stand-1-1,dianfangtujia-79_stand-1,ts.u.⁵⁵.ts.u.⁵⁵,118,false,expert,Starostin2013,,,
boluotujia-79_stand-1-1,boluotujia-79_stand-1,d.u.³³,119,false,expert,Starostin2013,,,
tanxitujia-79_stand-1-1,tanxitujia-79_stand-1,d.u.³³,119,false,expert,Starostin2013,,,
tashatujia-80_star-1-1,tashatujia-80_star-1,ɕ.i.²¹.p.u.²⁴.l.i.⁵⁵,120,false,expert,Starostin2013,,,
duogutujia-80_star-1-1,duogutujia-80_star-1,s.i.⁵³.z.i.²¹,120,false,expert,Starostin2013,,,
dianfangtujia-80_star-1-1,dianfangtujia-80_star-1,s.i.⁵¹.z.i.²¹,120,false,expert,Starostin2013,,,
boluotujia-80_star-1-1,boluotujia-80_star-1,tʰ.i.æ̃.∼.³³.s.ẽ.∼.³³.ts.i.⁵³,-177,false,expert,Starostin2013,,,
tanxitujia-80_star-1-1,tanxitujia-80_star-1,ɕ.ẽ.∼.³³.ts.i.³³,-178,false,expert,Starostin2013,,,
tashatujia-81_stone-1-1,tashatujia-81_stone-1,a.²¹.p.a.²¹,121,false,expert,Starostin2013,,,
duogutujia-81_stone-1-1,duogutujia-81_stone-1,ɣ.a.²¹.p.a.²¹,121,false,expert,Starostin2013,,,
dianfangtujia-81_stone-1-1,dianfangtujia-81_stone-1,a.²¹.p.a.²¹,121,false,expert,Starostin2013,,,
boluotujia-81_stone-1-1,boluotujia-81_stone-1,l.o.ʉ.¹³.k.o.ʉ.²¹.d.o.ʉ.¹³,122,false,expert,Starostin2013,,,
tanxitujia-81_stone-1-1,tanxitujia-81_stone-1,l.ʉ.³⁵,122,false,expert,Starostin2013,,,
tashatujia-82_sun-1-1,tashatujia-82_sun-1,l.a.w.²¹,123,false,expert,Starostin2013,,,
duogutujia-82_sun-1-1,duogutujia-82_sun-1,n.a.w.²¹.tsʰ.i.²¹,123,false,expert,Starostin2013,,,
dianfangtujia-82_sun-1-1,dianfangtujia-82_sun-1,n.a.w.²¹,123,false,expert,Starostin2013,,,
boluotujia-82_sun-1-1,boluotujia-82_sun-1,n.o.⁴⁵.d.o.ʉ.³³,123,false,expert,Starostin2013,,,
tanxitujia-82_sun-1-1,tanxitujia-82_sun-1,l.o.³⁵.j.i.³³.d.ʉ.¹³,123,false,expert,Starostin2013,,,
tashatujia-83_swim-1-1,tashatujia-83_swim-1,tɕ.j.ɛ.²⁴.t.a.⁵⁵.w.u.²¹,124,false,expert,Starostin2013,,,
duogutujia-83_swim-1-1,duogutujia-83_swim-1,tsʰ.e.²¹.tɕʰ.i.w.²¹,125,false,expert,Starostin2013,,,
tashatujia-84_tail-1-1,tashatujia-84_tail-1,l.j.ɛ.²¹.pʰ.ɔ.ŋ.²⁴,126,false,expert,Starostin2013,,,
duogutujia-84_tail-1-1,duogutujia-84_tail-1,n.i.e.²¹.pʰ.ũ.∼.⁵³,126,false,expert,Starostin2013,,,
dianfangtujia-84_tail-1-1,dianfangtujia-84_tail-1,l.e.²¹.pʰ.ũ.∼.³⁵,126,false,expert,Starostin2013,,,
boluotujia-84_tail-1-1,boluotujia-84_tail-1,l.i.ã.∼.²¹.t.o.⁵³,126,false,expert,Starostin2013,,,
tanxitujia-84_tail-1-1,tanxitujia-84_tail-1,j.i.ã.∼.²¹.t.ʉ.⁵⁵,126,false,expert,Starostin2013,,,
tashatujia-85_that-1-1,tashatujia-85_that-1,a.j.⁵⁵,127,false,expert,Starostin2013,,,
duogutujia-85_that-1-1,duogutujia-85_that-1,a.j.⁵³.t.i.⁴⁴,127,false,expert,Starostin2013,,,
dianfangtujia-85_that-1-1,dianfangtujia-85_that-1,a.j.⁵⁵,127,false,expert,Starostin2013,,,
boluotujia-85_that-1-1,boluotujia-85_that-1,t.a.³³.b.u.³³,128,false,expert,Starostin2013,,,
tanxitujia-85_that-1-1,tanxitujia-85_that-1,t.a.²¹,128,false,expert,Starostin2013,,,
tashatujia-107_thin-1-1,tashatujia-107_thin-1,s.a.²¹.s.a.²¹,162,false,expert,Starostin2013,,,
duogutujia-107_thin-1-1,duogutujia-107_thin-1,s.a.²¹.s.a.j.⁴⁴,162,false,expert,Starostin2013,,,
dianfangtujia-107_thin-1-1,dianfangtujia-107_thin-1,s.a.²¹.s.a.³¹,162,false,expert,Starostin2013,,,
boluotujia-107_thin-1-1,boluotujia-107_thin-1,s.o.²¹.s.o.⁵³,162,false,expert,Starostin2013,,,
tanxitujia-107_thin-1-1,tanxitujia-107_thin-1,s.o.²¹.s.o.⁵⁵,162,false,expert,Starostin2013,,,
tashatujia-86_this-1-1,tashatujia-86_this-1,ɤ.ŋ.⁵⁵,129,false,expert,Starostin2013,,,
duogutujia-86_this-1-1,duogutujia-86_this-1,k.a.j.²⁴.t.i.⁴⁴,130,false,expert,Starostin2013,,,
dianfangtujia-86_this-1-1,dianfangtujia-86_this-1,ũ.∼.⁵⁵,129,false,expert,Starostin2013,,,
boluotujia-86_this-1-1,boluotujia-86_this-1,dʑ.i.a.²¹.b.u.²¹,131,false,expert,Starostin2013,,,
tanxitujia-86_this-1-1,tanxitujia-86_this-1,dʑ.i.a.²¹,131,false,expert,Starostin2013,,,
tashatujia-86_this-2-1,tashatujia-86_this-2,k.a.j.²⁴,130,false,expert,Starostin2013,,,
dianfangtujia-86_this-2-1,dianfangtujia-86_this-2,k.a.j.³⁵,130,false,expert,Starostin2013,,,
tashatujia-87_thou-1-1,tashatujia-87_thou-1,n.i.²⁴,132,false,expert,Starostin2013,,,
duogutujia-87_thou-1-1,duogutujia-87_thou-1,n.i.²⁴,132,false,expert,Starostin2013,,,
dianfangtujia-87_thou-1-1,dianfangtujia-87_thou-1,n.i.³⁵,132,false,expert,Starostin2013,,,
boluotujia-87_thou-1-1,boluotujia-87_thou-1,n.i.³³,132,false,expert,Starostin2013,,,
tanxitujia-87_thou-1-1,tanxitujia-87_thou-1,n.i.³³,132,false,expert,Starostin2013,,,
tashatujia-88_tongue-1-1,tashatujia-88_tongue-1,j.i.²⁴.l.a.⁵⁵,133,false,expert,Starostin2013,,,
duogutujia-88_tongue-1-1,duogutujia-88_tongue-1,i.²⁴.l.a.⁵³,133,false,expert,Starostin2013,,,
dianfangtujia-88_tongue-1-1,dianfangtujia-88_tongue-1,j.i.³⁵.l.a.⁵⁵,133,false,expert,Starostin2013,,,
boluotujia-88_tongue-1-1,boluotujia-88_tongue-1,dz.i.²¹.l.a.²¹,133,false,expert,Starostin2013,,,
tanxitujia-88_tongue-1-1,tanxitujia-88_tongue-1,dz.i.²¹.l.a.²¹,133,false,expert,Starostin2013,,,
tashatujia-89_tooth-1-1,tashatujia-89_tooth-1,s.i.⁵⁵.s.i.⁵⁵,134,false,expert,Starostin2013,,,
duogutujia-89_tooth-1-1,duogutujia-89_tooth-1,s.i.⁴⁴.s.i.⁴⁴,134,false,expert,Starostin2013,,,
dianfangtujia-89_tooth-1-1,dianfangtujia-89_tooth-1,s.i.⁵⁵.s.i.⁵⁵,134,false,expert,Starostin2013,,,
boluotujia-89_tooth-1-1,boluotujia-89_tooth-1,s.i.³³.t.a.¹³,134,false,expert,Starostin2013,,,
tanxitujia-89_tooth-1-1,tanxitujia-89_tooth-1,s.i.³³.t.a.³⁵,134,false,expert,Starostin2013,,,
tashatujia-90_tree-1-1,tashatujia-90_tree-1,kʰ.a.²¹.m.ɔ.ŋ.²¹,135,false,expert,Starostin2013,,,
duogutujia-90_tree-1-1,duogutujia-90_tree-1,kʰ.a.²¹.m.ũ.∼.²¹,135,false,expert,Starostin2013,,,
dianfangtujia-90_tree-1-1,dianfangtujia-90_tree-1,kʰ.a.²¹.m.ũ.∼.²¹,135,false,expert,Starostin2013,,,
boluotujia-90_tree-1-1,boluotujia-90_tree-1,kʰ.o.¹³.m.ũ.∼.²¹,135,false,expert,Starostin2013,,,
tanxitujia-90_tree-1-1,tanxitujia-90_tree-1,kʰ.o.³⁵,135,false,expert,Starostin2013,,,
tashatujia-91_two-1-1,tashatujia-91_two-1,n.j.ɛ.⁵⁵,136,false,expert,Starostin2013,,,
duogutujia-91_two-1-1,duogutujia-91_two-1,n.i.e.⁵³,136,false,expert,Starostin2013,,,
dianfangtujia-91_two-1-1,dianfangtujia-91_two-1,n.e.⁵⁵,136,false,expert,Starostin2013,,,
boluotujia-91_two-1-1,boluotujia-91_two-1,n.i.e.⁵³,136,false,expert,Starostin2013,,,
tanxitujia-91_two-1-1,tanxitujia-91_two-1,l.e.⁵⁵,136,false,expert,Starostin2013,,,
tashatujia-92_walkgo-1-1,tashatujia-92_walkgo-1,ɣ.i.²⁴,137,false,expert,Starostin2013,,,
duogutujia-92_walkgo-1-1,duogutujia-92_walkgo-1,ɣ.ɨ.²⁴,137,false,expert,Starostin2013,,,
dianfangtujia-92_walkgo-1-1,dianfangtujia-92_walkgo-1,ɣ.ɨ.³⁵,137,false,expert,Starostin2013,,,
boluotujia-92_walkgo-1-1,boluotujia-92_walkgo-1,dz.o.ʉ.¹³,138,false,expert,Starostin2013,,,
tanxitujia-92_walkgo-1-1,tanxitujia-92_walkgo-1,j.e.²¹,137,false,expert,Starostin2013,,,
tashatujia-93_warm-1-1,tashatujia-93_warm-1,k.i.²¹,139,false,expert,Starostin2013,,,
duogutujia-93_warm-1-1,duogutujia-93_warm-1,k.ɨ.²¹,139,false,expert,Starostin2013,,,
dianfangtujia-93_warm-1-1,dianfangtujia-93_warm-1,k.ɨ.²¹,139,false,expert,Starostin2013,,,
boluotujia-93_warm-1-1,boluotujia-93_warm-1,s.i.²¹.t.o.²¹,140,false,expert,Starostin2013,,,
tanxitujia-93_warm-1-1,tanxitujia-93_warm-1,s.i.²¹.t.o.¹³,140,false,expert,Starostin2013,,,
tashatujia-94_water-1-1,tashatujia-94_water-1,tɕʰ.ɤ.²¹,141,false,expert,Starostin2013,,,
duogutujia-94_water-1-1,duogutujia-94_water-1,tsʰ.e.²¹,141,false,expert,Starostin2013,,,
dianfangtujia-94_water-1-1,dianfangtujia-94_water-1,tsʰ.e.²¹,141,false,expert,Starostin2013,,,
boluotujia-94_water-1-1,boluotujia-94_water-1,tsʰ.e.¹³,141,false,expert,Starostin2013,,,
tanxitujia-94_water-1-1,tanxitujia-94_water-1,tsʰ.e.³⁵,141,false,expert,Starostin2013,,,
tashatujia-95_we-1-1,tashatujia-95_we-1,a.ŋ.²⁴.n.i.⁵⁵,142,false,expert,Starostin2013,,,
duogutujia-95_we-1-1,duogutujia-95_we-1,ŋ.a.²⁴.n.i.⁴⁴,142,false,expert,Starostin2013,,,
dianfangtujia-95_we-1-1,dianfangtujia-95_we-1,ŋ.a.³⁵.n.i.³⁵,142,false,expert,Starostin2013,,,
boluotujia-95_we-1-1,boluotujia-95_we-1,a.³³.n.i.³³,142,false,expert,Starostin2013,,,
tanxitujia-95_we-1-1,tanxitujia-95_we-1,ʔ.a.²¹.n.i.³³,142,false,expert,Starostin2013,,,
tashatujia-96_what-1-1,tashatujia-96_what-1,tɕʰ.j.ɛ.²¹,143,false,expert,Starostin2013,,,
duogutujia-96_what-1-1,duogutujia-96_what-1,n.a.j.⁵³.ɕ.i.²¹,144,false,expert,Starostin2013,,,
dianfangtujia-96_what-1-1,dianfangtujia-96_what-1,n.a.j.⁵⁵.ɕ.i.²¹,144,false,expert,Starostin2013,,,
boluotujia-96_what-1-1,boluotujia-96_what-1,tsʰ.u.⁵³.u.³³,145,false,expert,Starostin2013,,,
tanxitujia-96_what-1-1,tanxitujia-96_what-1,tsʰ.u.⁵⁵.m.o.²¹,145,false,expert,Starostin2013,,,
tashatujia-97_white-1-1,tashatujia-97_white-1,a.²¹.s.i.²¹,146,false,expert,Starostin2013,,,
duogutujia-97_white-1-1,duogutujia-97_white-1,a.²¹.s.i.²¹,146,false,expert,Starostin2013,,,
dianfangtujia-97_white-1-1,dianfangtujia-97_white-1,a.²¹.s.i.²¹,146,false,expert,Starostin2013,,,
boluotujia-97_white-1-1,boluotujia-97_white-1,s.i.³³,146,false,expert,Starostin2013,,,
tanxitujia-97_white-1-1,tanxitujia-97_white-1,s.i.³³,146,false,expert,Starostin2013,,,
tashatujia-98_who-1-1,tashatujia-98_who-1,a.²¹.s.ɤ.²¹,147,false,expert,Starostin2013,,,
duogutujia-98_who-1-1,duogutujia-98_who-1,a.⁵³.s.o.²¹,147,false,expert,Starostin2013,,,
dianfangtujia-98_who-1-1,dianfangtujia-98_who-1,a.⁵⁵.s.e.²¹,147,false,expert,Starostin2013,,,
boluotujia-98_who-1-1,boluotujia-98_who-1,a.³³.s.i.³³.ŋ.e.³³,147,false,expert,Starostin2013,,,
tanxitujia-98_who-1-1,tanxitujia-98_who-1,ʔ.a.³³.s.i.³³,147,false,expert,Starostin2013,,,
tashatujia-108_wind-1-1,tashatujia-108_wind-1,z.ɤ.²⁴,163,false,expert,Starostin2013,,,
duogutujia-108_wind-1-1,duogutujia-108_wind-1,z.e.²⁴.s.u.⁵³,163,false,expert,Starostin2013,,,
dianfangtujia-108_wind-1-1,dianfangtujia-108_wind-1,z.e.³⁵.s.u.⁵⁵,163,false,expert,Starostin2013,,,
boluotujia-108_wind-1-1,boluotujia-108_wind-1,z.e.²¹.ŋ.e.j.⁴⁵,163,false,expert,Starostin2013,,,
tanxitujia-108_wind-1-1,tanxitujia-108_wind-1,z.e.²¹.ŋ.ɨ.²¹,163,false,expert,Starostin2013,,,
tashatujia-99_woman-1-1,tashatujia-99_woman-1,m.a.²¹.m.a.⁵⁵,148,false,expert,Starostin2013,,,
duogutujia-99_woman-1-1,duogutujia-99_woman-1,m.a.²¹.m.a.²¹.ts.e.⁴⁴,148,false,expert,Starostin2013,,,
dianfangtujia-99_woman-1-1,dianfangtujia-99_woman-1,m.a.²¹.m.a.²¹.t.e.⁵⁵,148,false,expert,Starostin2013,,,
boluotujia-99_woman-1-1,boluotujia-99_woman-1,a.¹³.i.o.⁵³.b.i.e.²¹,149,false,expert,Starostin2013,,,
tanxitujia-99_woman-1-1,tanxitujia-99_woman-1,ʔ.a.²¹.j.i.o.⁵⁵.b.e.²¹.ŋ.ɨ.²¹,149,false,expert,Starostin2013,,,
tashatujia-109_worm-1-1,tashatujia-109_worm-1,kʰ.w.a.j.⁵⁵.tɕʰ.i.⁵⁵.l.a.⁵⁵,164,false,expert,Starostin2013,,,
duogutujia-109_worm-1-1,duogutujia-109_worm-1,kʰ.u.a.j.²⁴.tɕʰ.i.²¹.l.a.²¹,164,false,expert,Starostin2013,,,
dianfangtujia-109_worm-1-1,dianfangtujia-109_worm-1,kʰ.u.a.j.³⁵.tɕʰ.i.⁵⁵.l.a.⁵⁵,164,false,expert,Starostin2013,,,
boluotujia-109_worm-1-1,boluotujia-109_worm-1,k.a.⁵³.d.o.ʉ.¹³.s.e.²¹,165,false,expert,Starostin2013,,,
tanxitujia-109_worm-1-1,tanxitujia-109_worm-1,k.a.²¹.d.ʉ.³⁵.s.e.²¹,165,false,expert,Starostin2013,,,
tashatujia-110_year-1-1,tashatujia-110_year-1,l.ɔ.ŋ.⁵⁵,166,false,expert,Starostin2013,,,
dianfangtujia-110_year-1-1,dianfangtujia-110_year-1,n.ũ.∼.²¹,166,false,expert,Starostin2013,,,
tanxitujia-110_year-1-1,tanxitujia-110_year-1,n.i.ʉ.³⁵,166,false,expert,Starostin2013,,,
tashatujia-100_yellow-1-1,tashatujia-100_yellow-1,w.a.n.²¹.k.a.⁵⁵.l.a.⁵⁵,150,false,expert,Starostin2013,,,
duogutujia-100_yellow-1-1,duogutujia-100_yellow-1,u.ã.∼.²¹.k.a.⁵³.l.i.e.⁴⁴,150,false,expert,Starostin2013,,,
dianfangtujia-100_yellow-1-1,dianfangtujia-100_yellow-1,w.ã.∼.²¹.k.a.⁵⁵.l.a.⁵⁵,150,false,expert,Starostin2013,,,
boluotujia-100_yellow-1-1,boluotujia-100_yellow-1,x.o.ʉ.³³,151,false,expert,Starostin2013,,,
tanxitujia-100_yellow-1-1,tanxitujia-100_yellow-1,ħ.ʉ.³³,151,false,expert,Starostin2013,,,
